Date,Shift,Operator,Machine,RawMaterialBatch,Temperature,Humidity,DefectCount
2023-10-26,Morning,D111,M3,Batch1,24.991228859720874,57.141598518142885,5
2023-10-26,Afternoon,C789,M2,Batch3,23.895159850377826,52.414540235053764,2
2023-10-26,Night,A123,M2,Batch1,21.237450909763854,51.4332715814777,5
2023-10-26,Afternoon,E222,M3,Batch1,21.182866632518184,45.89300945322812,5
2023-10-26,Night,A123,M3,Batch2,22.165404452921138,46.91851769273587,2
2023-10-26,Night,E222,M3,Batch3,21.65535346542188,42.76452428054938,3
2023-10-26,Afternoon,B456,M2,Batch2,21.669437913609716,57.30021703821105,4
2023-10-26,Night,C789,M2,Batch1,24.8658041412557,40.909568306042274,1
2023-10-26,Morning,A123,M2,Batch3,23.372886545996405,59.33878636439067,5
2023-10-26,Afternoon,A123,M3,Batch3,21.171564245403577,58.85351796905201,3
2023-10-26,Afternoon,C789,M3,Batch1,21.71188188779647,49.326639176488605,2
2023-10-26,Night,B456,M1,Batch2,23.942583227363283,51.175580663619805,5
2023-10-26,Morning,B456,M1,Batch3,21.862316124248494,58.86362195320535,0
2023-10-26,Morning,E222,M2,Batch1,21.508158567323036,58.37029662293227,3
2023-10-26,Afternoon,B456,M1,Batch1,23.91592904260909,44.05441941853872,0
2023-10-26,Morning,A123,M3,Batch2,20.23242373756734,43.09803755636273,2
2023-10-26,Afternoon,E222,M2,Batch1,22.487038589219733,55.46994366601157,2
2023-10-26,Afternoon,B456,M1,Batch2,24.032197020982295,49.12599378759002,0
2023-10-26,Morning,D111,M1,Batch3,21.411374479398596,57.550421956945286,0
2023-10-26,Morning,E222,M3,Batch3,24.182936871838784,43.211801347768514,5
2023-10-26,Afternoon,B456,M3,Batch3,22.81708569522873,51.50795947639021,5
2023-10-26,Morning,B456,M3,Batch3,20.87284111132237,46.64204881420886,1
2023-10-26,Night,C789,M1,Batch1,22.839830837463488,48.334240687310384,0
2023-10-26,Night,C789,M3,Batch2,21.95011053571916,50.51982859814856,3
2023-10-26,Afternoon,A123,M2,Batch2,21.1528676644983,56.22543738363638,4
2023-10-26,Morning,D111,M3,Batch3,24.58670642390708,49.85873485142754,3
2023-10-26,Afternoon,E222,M1,Batch2,22.571438269652603,58.35697911267654,3
2023-10-26,Night,D111,M1,Batch1,22.889945635461,45.984629036389755,5
2023-10-26,Night,E222,M3,Batch3,23.871130277767186,56.494931202136414,5
2023-10-26,Afternoon,D111,M1,Batch1,23.843603574814914,40.76502651097553,4
2023-10-26,Afternoon,D111,M1,Batch3,23.420896515252643,55.33446419895937,4
2023-10-26,Morning,C789,M1,Batch2,23.620663980097465,52.53249318309723,0
2023-10-26,Night,E222,M3,Batch2,21.94568232870977,45.18069187344849,3
2023-10-26,Afternoon,D111,M1,Batch1,23.691601675662277,54.624180394800874,1
2023-10-26,Morning,A123,M1,Batch3,22.556642943528185,45.68501418108382,5
2023-10-26,Afternoon,D111,M1,Batch2,21.96106571729642,40.89673052606178,2
2023-10-26,Night,C789,M1,Batch1,21.18351136079578,53.57221981450471,1
2023-10-26,Morning,E222,M1,Batch1,23.979628824094355,44.70150240647088,3
2023-10-26,Afternoon,C789,M3,Batch2,20.99922291883912,56.01803189482601,0
2023-10-26,Afternoon,B456,M3,Batch2,24.056231327355732,45.87827636256368,0
2023-10-26,Morning,E222,M1,Batch1,24.60777134356217,55.533670629774434,0
2023-10-26,Night,C789,M2,Batch2,24.946700874120033,56.77614291270821,5
2023-10-26,Afternoon,C789,M2,Batch1,24.841860158918898,44.88071348959799,5
2023-10-26,Afternoon,B456,M1,Batch2,21.917065927144524,52.99435643053574,5
2023-10-26,Night,C789,M3,Batch3,20.276876164567256,59.54257875177185,0
2023-10-26,Afternoon,E222,M1,Batch2,21.237335853190242,48.14338006840151,1
2023-10-26,Night,E222,M3,Batch1,23.363853603257173,58.513763025917,2
2023-10-26,Morning,E222,M1,Batch3,24.158278104668327,58.39811726317277,4
2023-10-26,Morning,A123,M2,Batch3,20.715294979443186,47.649110852703636,0
2023-10-26,Morning,E222,M2,Batch2,22.87632971425313,44.12730194157412,5
2023-10-26,Morning,B456,M3,Batch2,23.845954341717757,43.09024720340144,1
2023-10-26,Afternoon,A123,M2,Batch1,21.410420020201425,59.35258068137112,2
2023-10-26,Afternoon,C789,M1,Batch3,21.10624129490489,58.84699083051443,3
2023-10-26,Morning,A123,M2,Batch1,20.721280040473346,54.76783173857653,0
2023-10-26,Morning,A123,M3,Batch1,24.938264371740793,55.96721582384481,1
2023-10-26,Night,A123,M1,Batch3,23.741546517898204,47.1055743566057,4
2023-10-26,Afternoon,E222,M1,Batch3,21.306825047047727,43.953388016419694,4
2023-10-26,Morning,B456,M1,Batch3,21.544745952632862,40.57836166753457,0
2023-10-26,Night,C789,M1,Batch1,20.50305384663398,54.20011565197235,2
2023-10-26,Morning,E222,M1,Batch2,24.049886047115876,56.102458216605584,3
2023-10-26,Morning,C789,M2,Batch2,20.443527454242325,40.107258737213535,3
2023-10-26,Morning,A123,M3,Batch1,22.52037521147427,42.29932408810101,4
2023-10-26,Afternoon,B456,M1,Batch3,20.743351825948565,59.993908134280986,4
2023-10-26,Afternoon,E222,M1,Batch2,20.86675220220648,40.32726516176757,5
2023-10-26,Morning,A123,M1,Batch2,23.81152461126183,54.38787752175159,3
2023-10-26,Night,B456,M1,Batch1,23.359134838918813,49.95242473882253,1
2023-10-26,Morning,A123,M2,Batch1,24.68637816334062,48.29335468179621,2
2023-10-26,Night,E222,M3,Batch1,21.601845822030878,49.67287689695216,2
2023-10-26,Night,A123,M1,Batch1,22.963048446893556,50.28344295898961,1
2023-10-26,Night,E222,M2,Batch2,20.860998261314503,57.48411472151737,1
2023-10-26,Night,E222,M1,Batch2,23.991094917638577,41.83111853473543,1
2023-10-26,Night,D111,M1,Batch2,23.384728067753866,41.976522647770224,4
2023-10-26,Afternoon,C789,M3,Batch1,23.245485588506263,58.437402908244174,5
2023-10-26,Morning,A123,M2,Batch3,22.52463325746313,55.624382410206934,3
2023-10-26,Morning,C789,M1,Batch1,22.377498796635983,58.271428383083354,2
2023-10-26,Afternoon,C789,M2,Batch1,22.993312485480118,40.10968852959313,5
2023-10-26,Afternoon,B456,M1,Batch1,24.339309981243296,51.20769550342781,5
2023-10-26,Night,B456,M1,Batch3,21.610709695235027,57.196236618910845,2
2023-10-26,Night,E222,M1,Batch1,22.461657591949525,57.33918215136763,1
2023-10-26,Morning,E222,M1,Batch1,24.36188547764565,46.82263437530945,1
2023-10-26,Afternoon,C789,M2,Batch1,20.99579538752013,45.37392292220412,4
2023-10-26,Night,C789,M3,Batch1,21.781025423780747,54.017079756510725,2
2023-10-26,Morning,B456,M2,Batch1,22.152937601976127,51.007556885934314,0
2023-10-26,Afternoon,C789,M2,Batch2,24.93941747037302,40.44044581660925,5
2023-10-26,Morning,C789,M3,Batch2,22.74073480184088,45.9721568519788,4
2023-10-26,Night,B456,M2,Batch1,21.435362721585413,40.03347026211388,2
2023-10-26,Morning,D111,M1,Batch2,23.561549757395174,56.477189056615316,3
2023-10-26,Morning,C789,M2,Batch1,23.70466332944958,40.860345619621114,1
2023-10-26,Afternoon,A123,M1,Batch3,20.953165705182897,41.884298490835334,1
2023-10-26,Morning,C789,M3,Batch2,23.48928290263795,50.57595244008487,2
2023-10-26,Afternoon,E222,M1,Batch1,24.254359492701276,53.94023167297475,1
2023-10-26,Night,A123,M1,Batch1,21.950290069322765,49.28575876267606,4
2023-10-26,Morning,E222,M1,Batch3,24.570087203947907,58.064519795765804,0
2023-10-26,Afternoon,E222,M2,Batch2,20.044637462318093,57.010137562927056,0
2023-10-26,Afternoon,A123,M2,Batch2,22.503991953643517,55.09926362622195,1
2023-10-26,Night,B456,M2,Batch1,20.10415255954445,41.46652603318767,5
2023-10-26,Night,C789,M2,Batch2,22.69715481366007,50.0261407476345,4
2023-10-26,Morning,B456,M1,Batch1,24.24418912890444,45.95823554462208,4
2023-10-26,Afternoon,D111,M1,Batch1,24.302494140789804,54.875696118242566,4
2023-10-26,Night,C789,M1,Batch2,23.369211818354557,47.16100012213847,0
2023-10-26,Morning,B456,M2,Batch1,21.948930069457525,47.08200605857916,0
2023-10-26,Morning,B456,M3,Batch3,22.4471351338074,43.41437609459763,2
2023-10-26,Afternoon,E222,M2,Batch1,23.34886073677722,58.86566525010062,3
2023-10-26,Night,E222,M1,Batch3,21.699862709108835,51.15271765566343,4
2023-10-26,Morning,B456,M1,Batch2,21.016797095147837,50.046081010659854,0
2023-10-26,Morning,A123,M2,Batch3,21.930511635048198,46.5640358453491,2
2023-10-26,Afternoon,A123,M2,Batch2,21.387910894504685,57.53685572520202,4
2023-10-26,Afternoon,E222,M3,Batch1,23.093583026391705,47.85438788614391,5
2023-10-26,Afternoon,E222,M1,Batch1,23.195255426545828,40.03043462125018,3
2023-10-26,Afternoon,D111,M2,Batch1,22.100325466229094,50.282442136715765,2
2023-10-26,Afternoon,D111,M1,Batch3,21.579184143642617,45.90585015920653,2
2023-10-26,Afternoon,D111,M2,Batch1,24.37949808807521,45.60982773761729,1
2023-10-26,Morning,C789,M1,Batch2,20.78190990495872,52.11445990447019,1
2023-10-26,Afternoon,D111,M3,Batch3,22.804248899696912,47.8843886797257,3
2023-10-26,Night,D111,M3,Batch1,21.452551826190348,47.829279635353984,1
2023-10-26,Morning,D111,M1,Batch1,20.235619491648375,50.98040708831874,5
2023-10-26,Afternoon,D111,M1,Batch1,22.275858752384497,48.03365797880765,0
2023-10-26,Morning,D111,M2,Batch2,20.614523209644165,47.10488421367006,0
2023-10-26,Night,D111,M2,Batch3,21.72039472292023,41.71559854865509,3
2023-10-26,Morning,B456,M2,Batch2,23.44095981483005,43.079060302360475,5
2023-10-26,Morning,D111,M2,Batch3,20.42991526040328,41.716703715942465,4
2023-10-26,Night,B456,M2,Batch1,22.843322040961155,58.626275405085494,1
2023-10-26,Morning,A123,M1,Batch1,24.618475908485873,49.28725538308801,4
2023-10-26,Night,D111,M3,Batch2,22.462334924470408,51.10239342874869,1
2023-10-26,Afternoon,B456,M3,Batch1,20.141192451896828,51.31893655514489,0
2023-10-26,Night,D111,M1,Batch3,24.250345298034564,44.83974217749959,3
2023-10-26,Morning,D111,M1,Batch1,21.08493554430518,41.186253084282036,4
2023-10-26,Afternoon,D111,M3,Batch2,20.25506872060727,51.24239287933791,1
2023-10-26,Afternoon,A123,M1,Batch2,21.368847023164392,44.479818073557325,0
2023-10-26,Morning,B456,M3,Batch1,23.02534303666893,41.21915365922921,2
2023-10-26,Night,E222,M1,Batch3,22.47086547287546,58.343156096407625,4
2023-10-26,Night,D111,M1,Batch2,21.500078333627606,53.306831323258834,1
2023-10-26,Morning,A123,M3,Batch1,24.434285753832555,47.69266902702627,3
2023-10-26,Morning,D111,M1,Batch2,20.854011614634718,48.346095904064185,3
2023-10-26,Afternoon,C789,M3,Batch1,20.375017720446106,55.14081408980594,5
2023-10-26,Afternoon,D111,M1,Batch2,23.78951282762516,55.5327886395485,0
2023-10-26,Night,E222,M1,Batch2,21.178323166238094,40.67750744395349,3
2023-10-26,Night,D111,M1,Batch1,22.205535645173896,41.89031109724023,5
2023-10-26,Afternoon,D111,M1,Batch3,21.01585924979886,47.65822334434895,2
2023-10-26,Afternoon,A123,M2,Batch1,21.963299828519503,55.28560003610818,1
2023-10-26,Night,D111,M1,Batch3,21.935158068022936,40.71072898422138,1
2023-10-26,Morning,C789,M1,Batch2,21.469660849890378,48.27807564929959,0
2023-10-26,Night,B456,M1,Batch2,21.619001475734336,43.907443564232274,4
2023-10-26,Night,B456,M3,Batch2,23.52210885670474,52.17511795210423,5
2023-10-26,Afternoon,A123,M3,Batch3,24.63334520597062,56.3986844313892,3
2023-10-26,Night,C789,M1,Batch2,21.334269806654575,45.3154704423633,3
2023-10-26,Afternoon,D111,M2,Batch1,21.81467294679934,57.701519330183196,2
2023-10-26,Afternoon,B456,M1,Batch3,20.52258907543918,48.464185851275204,1
2023-10-26,Night,D111,M2,Batch1,20.69482720093752,51.4015577176646,4
2023-10-26,Morning,A123,M1,Batch2,21.91152350083673,52.37542613025127,0
2023-10-26,Morning,A123,M1,Batch2,23.289516158218483,45.21898278373513,0
2023-10-26,Night,E222,M1,Batch3,20.896016696335536,58.983331154026175,3
2023-10-26,Morning,C789,M1,Batch2,23.576927608108857,55.00807185992935,0
2023-10-26,Morning,C789,M1,Batch3,24.88829833031148,59.80116028274609,4
2023-10-26,Morning,C789,M3,Batch1,23.04711947743077,58.93229191538344,4
2023-10-26,Morning,E222,M2,Batch1,24.641543981437387,56.9923117174293,0
2023-10-26,Night,D111,M1,Batch2,22.628057093371794,40.51751833975136,4
2023-10-26,Afternoon,C789,M1,Batch2,20.344229674634345,52.98444379998336,2
2023-10-26,Night,A123,M3,Batch2,20.389976456506417,49.041203153261186,3
2023-10-26,Night,A123,M1,Batch1,24.900918960790968,46.58394180182451,3
2023-10-26,Night,A123,M3,Batch3,22.893943809054594,59.667127559402516,3
2023-10-26,Morning,C789,M2,Batch2,20.435088527699087,52.38143321234464,0
2023-10-26,Afternoon,D111,M3,Batch1,21.061539511550123,49.248810249445285,0
2023-10-26,Morning,A123,M1,Batch2,20.31812008743771,51.581051444579444,5
2023-10-26,Morning,D111,M3,Batch3,24.738904557757294,40.66878393515866,5
2023-10-26,Morning,D111,M3,Batch1,23.682741463440472,44.40709913100188,5
2023-10-26,Morning,B456,M3,Batch1,20.95261595448806,41.97422263295504,0
2023-10-26,Morning,B456,M3,Batch3,24.894044838856306,58.32371251192487,2
2023-10-26,Night,D111,M2,Batch2,21.257862586563252,49.739416550590164,1
2023-10-26,Night,B456,M2,Batch2,22.50035504551226,53.0786061001401,5
2023-10-26,Night,E222,M3,Batch2,22.917927785284505,57.3450838337814,2
2023-10-26,Afternoon,E222,M1,Batch3,20.184179517772094,44.37875331896912,3
2023-10-26,Morning,B456,M2,Batch1,23.291995414572867,50.970069340562375,2
2023-10-26,Morning,D111,M3,Batch1,20.324146419090358,53.795878011345586,1
2023-10-26,Afternoon,A123,M1,Batch3,22.450132860296208,57.11828532895798,2
2023-10-26,Morning,D111,M3,Batch2,21.229286299980814,40.21584558194705,4
2023-10-26,Morning,C789,M1,Batch2,20.870807542892326,41.26823456898983,0
2023-10-26,Night,C789,M1,Batch3,20.25531142106752,57.54865235779609,5
2023-10-26,Morning,C789,M1,Batch2,23.875197973783845,46.26644674501078,1
2023-10-26,Night,C789,M1,Batch3,24.40234827102111,40.43078436496424,0
2023-10-26,Morning,E222,M1,Batch2,22.928556891565258,57.1122388150532,4
2023-10-26,Afternoon,E222,M2,Batch3,20.47419738077777,49.42583340152966,3
2023-10-26,Morning,B456,M1,Batch1,20.16032366595858,51.35582642045697,1
2023-10-26,Afternoon,C789,M1,Batch2,24.4900185890068,47.404601729212644,0
2023-10-26,Night,D111,M2,Batch2,23.700921465302777,58.90404672946171,2
2023-10-26,Morning,A123,M3,Batch1,24.59146070205307,45.74821912142202,0
2023-10-26,Afternoon,B456,M1,Batch2,21.843379072449242,51.31434943539728,3
2023-10-26,Afternoon,D111,M3,Batch3,21.25756664664794,52.69424225679785,5
2023-10-26,Morning,D111,M1,Batch1,23.73137402919744,55.63514871068521,0
2023-10-26,Night,B456,M3,Batch3,22.740733739916877,41.65551075735031,5
2023-10-26,Night,B456,M3,Batch3,22.99293675201606,41.121038088345685,5
2023-10-26,Afternoon,C789,M2,Batch2,20.298772083227927,45.08654356778015,3
2023-10-26,Afternoon,A123,M2,Batch2,21.457256971343334,41.810461558634714,3
2023-10-26,Morning,A123,M2,Batch3,22.47332724206387,51.30377569295,1
2023-10-26,Morning,A123,M3,Batch2,24.841297938730943,55.84044621220782,2
2023-10-26,Afternoon,A123,M2,Batch3,22.016387012590517,46.03188814083849,0
2023-10-26,Afternoon,E222,M1,Batch3,21.011478644814954,46.68715777241589,3
2023-10-26,Night,C789,M1,Batch3,21.058486525630755,57.43172693195126,2
2023-10-26,Night,D111,M3,Batch1,24.467073563942712,43.434141315994076,3
2023-10-26,Afternoon,E222,M3,Batch1,23.847917078406816,55.27014121175007,0
2023-10-26,Night,D111,M3,Batch2,22.930418372260412,54.83026276466501,0
2023-10-26,Afternoon,B456,M1,Batch1,20.91562173607062,48.65373607171355,2
2023-10-26,Morning,E222,M3,Batch1,23.430067958919043,48.80413799546691,0
2023-10-26,Night,A123,M2,Batch2,21.150977723103424,43.67780114099844,1
2023-10-26,Morning,C789,M3,Batch1,22.13943947134514,50.11893620744199,3
2023-10-26,Night,C789,M1,Batch1,24.47830907647192,58.8318859236329,2
2023-10-26,Morning,D111,M2,Batch1,22.953564309809018,55.94507687754076,3
2023-10-26,Morning,E222,M1,Batch1,23.012778409216686,50.488402807932815,4
2023-10-26,Morning,E222,M3,Batch1,21.711797401572607,57.230509175510115,3
2023-10-26,Night,B456,M2,Batch1,22.98605824352242,41.4243926660418,1
2023-10-26,Night,B456,M3,Batch3,23.782294526369125,54.22338260396545,0
2023-10-26,Morning,A123,M3,Batch1,23.400071351013572,46.20516435473557,3
2023-10-26,Night,E222,M2,Batch1,22.400856032908376,48.9242901326071,0
2023-10-26,Afternoon,B456,M1,Batch1,23.860381223561056,53.38053241850413,5
2023-10-26,Night,C789,M3,Batch2,22.57230721262637,54.263592926203444,3
2023-10-26,Afternoon,D111,M1,Batch2,22.089090120071404,47.471025744040254,0
2023-10-26,Afternoon,A123,M2,Batch2,23.93522566556796,52.05897955902618,5
2023-10-26,Afternoon,E222,M3,Batch3,21.373344515991448,49.69590165693487,3
2023-10-26,Afternoon,A123,M3,Batch2,22.742362852874862,47.590392491958795,5
2023-10-26,Night,A123,M3,Batch1,21.74849054997656,49.16840584054427,1
2023-10-26,Afternoon,C789,M3,Batch2,21.446861733131062,55.68205118018068,2
2023-10-26,Afternoon,E222,M1,Batch1,22.740223423637925,41.1515486349752,2
2023-10-26,Night,C789,M1,Batch1,22.452340805705795,57.404210342975254,1
2023-10-26,Afternoon,A123,M3,Batch3,24.085000383974705,45.170093660058185,1
2023-10-26,Afternoon,B456,M1,Batch1,22.440801539777326,41.00479759265696,1
2023-10-26,Morning,E222,M3,Batch2,21.550951974236344,42.60844163260122,5
2023-10-26,Night,B456,M3,Batch3,21.894248490559555,58.07034604971773,0
2023-10-26,Night,B456,M2,Batch1,21.507799942980064,41.204065333943056,4
2023-10-26,Night,C789,M3,Batch3,20.24745147032969,49.510895706898175,1
2023-10-26,Night,D111,M3,Batch1,21.753696054304267,47.70657001001362,2
2023-10-26,Afternoon,E222,M1,Batch2,21.130001073473665,54.23937128978591,2
2023-10-26,Morning,B456,M3,Batch2,23.033497033123766,51.59196872235259,2
2023-10-26,Afternoon,B456,M1,Batch2,22.79146085610471,50.06920922339581,2
2023-10-26,Morning,A123,M1,Batch2,22.010256453298314,57.18997552200386,5
2023-10-26,Afternoon,B456,M2,Batch2,23.126491525130714,43.36942664751744,5
2023-10-26,Morning,A123,M1,Batch3,21.819565838986463,50.14688273879858,4
2023-10-26,Morning,B456,M1,Batch3,20.70215689596577,53.083711419543846,1
2023-10-26,Night,B456,M2,Batch1,21.13117652273848,49.77124538595308,3
2023-10-26,Morning,B456,M3,Batch1,22.725674065060563,51.67760363166238,3
2023-10-26,Afternoon,B456,M3,Batch2,21.45508653187495,59.159847703132186,2
2023-10-26,Afternoon,A123,M1,Batch2,21.86846873237353,47.62269100802315,1
2023-10-26,Afternoon,A123,M3,Batch2,20.109966958574436,58.28171137285368,5
2023-10-26,Afternoon,B456,M3,Batch3,24.829622570817023,41.54615982115695,3
2023-10-26,Afternoon,E222,M3,Batch1,23.714664610789583,49.41709097382538,4
2023-10-26,Morning,A123,M3,Batch1,24.253627346064388,51.33858629577188,5
2023-10-26,Night,C789,M3,Batch1,23.330379075660076,49.501922497178974,5
2023-10-26,Afternoon,A123,M2,Batch2,24.305220610748652,57.907746405733405,0
2023-10-26,Afternoon,D111,M3,Batch2,21.542199344677083,40.469815351903215,4
2023-10-26,Morning,E222,M3,Batch1,22.891210232287722,59.93997309508994,5
2023-10-26,Morning,C789,M1,Batch3,21.30357374161824,47.03852861322702,2
2023-10-26,Afternoon,B456,M2,Batch3,23.414293808561226,57.9852585980581,3
2023-10-26,Afternoon,A123,M3,Batch3,21.328402951066842,58.08418941289081,3
2023-10-26,Night,D111,M2,Batch2,23.936679748895383,49.942570783230764,3
2023-10-26,Night,D111,M1,Batch3,20.03590577694554,48.97677915142792,2
2023-10-26,Night,D111,M3,Batch2,20.886044400323893,58.9022581962666,0
2023-10-26,Night,D111,M3,Batch3,24.154514649657397,56.761891045990026,2
2023-10-26,Afternoon,A123,M3,Batch3,22.330430701582372,55.860110638472264,1
2023-10-26,Afternoon,B456,M2,Batch1,22.36473018008609,53.919139186604205,3
2023-10-26,Morning,A123,M2,Batch1,22.726930103135604,43.09865869292667,3
2023-10-26,Afternoon,A123,M1,Batch3,21.22519885845592,46.41477726168658,1
2023-10-26,Morning,C789,M1,Batch2,21.677979959688567,48.798722452590724,2
2023-10-26,Afternoon,B456,M1,Batch2,21.484120357279707,40.44153907351865,5
2023-10-26,Morning,A123,M3,Batch1,21.54499848492048,49.374744495650816,0
2023-10-26,Morning,A123,M1,Batch1,23.713291185896548,40.93943964502678,3
2023-10-26,Afternoon,B456,M3,Batch2,21.673065239197644,56.56944487327952,2
2023-10-26,Night,A123,M2,Batch2,23.75776094361659,57.3099680739347,1
2023-10-26,Night,D111,M1,Batch1,23.48114108632361,51.820718540976635,2
2023-10-26,Afternoon,C789,M2,Batch2,21.628850078150492,48.552810527791266,2
2023-10-26,Afternoon,A123,M1,Batch3,22.073384016817265,53.28556658297101,3
2023-10-26,Morning,A123,M2,Batch3,22.050315206763493,56.43702923603373,1
2023-10-26,Afternoon,E222,M2,Batch3,22.793930649143242,44.415893982580485,3
2023-10-26,Morning,A123,M1,Batch3,24.826553810997183,49.327630660548,3
2023-10-26,Afternoon,C789,M1,Batch1,23.433880661687077,45.3226680933046,2
2023-10-26,Morning,D111,M2,Batch1,24.569877690572508,50.70562034328394,4
2023-10-26,Afternoon,D111,M1,Batch2,22.841921067350523,53.3822653568882,4
2023-10-26,Afternoon,C789,M1,Batch2,21.77641086104392,52.06127649441198,1
2023-10-26,Night,B456,M1,Batch3,20.278038517798635,48.8844759955806,3
2023-10-26,Morning,D111,M2,Batch3,22.262996190743326,55.69567329472862,4
2023-10-26,Morning,A123,M1,Batch2,20.389583901705034,57.11338678750715,2
2023-10-26,Afternoon,C789,M2,Batch3,23.0418019833011,54.9022615799715,1
2023-10-26,Morning,C789,M1,Batch2,21.377751052580198,45.70542710145814,0
2023-10-26,Afternoon,C789,M3,Batch3,24.377002135542423,40.39694632684593,0
2023-10-26,Night,D111,M1,Batch2,21.373090964513676,57.880746061658016,2
2023-10-26,Night,E222,M2,Batch1,24.047227928002656,45.00396243205488,1
2023-10-26,Afternoon,C789,M3,Batch3,24.15515178110364,43.76019398561366,4
2023-10-26,Afternoon,A123,M1,Batch1,24.211198032099468,40.71325072227967,0
2023-10-26,Afternoon,D111,M2,Batch1,21.245871037580528,54.308744851745665,3
2023-10-26,Morning,C789,M1,Batch2,23.850944501555958,56.49122279598787,5
2023-10-26,Afternoon,E222,M2,Batch2,21.306390722502154,47.21865514819797,1
2023-10-26,Night,A123,M3,Batch3,24.388634384229903,47.724250672861224,3
2023-10-26,Night,C789,M1,Batch1,24.947078932405717,59.68550352668703,2
2023-10-26,Morning,E222,M3,Batch2,20.358497884488763,45.24188035268058,5
2023-10-26,Afternoon,D111,M1,Batch2,22.508000701556405,49.56583235760745,0
2023-10-26,Afternoon,E222,M1,Batch2,22.72097148728825,57.82954568149789,0
2023-10-26,Night,E222,M1,Batch3,23.57678255642616,52.62312916547525,0
2023-10-26,Night,D111,M3,Batch3,22.234369328383828,48.378492986894514,1
2023-10-26,Night,D111,M1,Batch1,22.01648265338059,40.43068495388061,1
2023-10-26,Night,E222,M2,Batch1,22.52318529151382,46.79399251449682,3
2023-10-26,Afternoon,B456,M1,Batch1,24.384277643568296,47.57642580052326,5
2023-10-26,Night,A123,M2,Batch2,21.86570542824474,52.01003654719784,3
2023-10-26,Afternoon,D111,M3,Batch3,24.440646739339986,50.45941176423419,4
2023-10-26,Morning,B456,M2,Batch1,24.41267852496712,53.97029690778936,4
2023-10-26,Afternoon,B456,M3,Batch3,21.909865452188328,45.15345315418359,3
2023-10-26,Night,B456,M1,Batch2,20.130994497522963,52.7133355120166,5
2023-10-26,Night,E222,M2,Batch2,23.934416881625555,43.18751541781995,2
2023-10-26,Night,A123,M1,Batch1,21.129515319884828,54.802137398470705,3
2023-10-26,Morning,A123,M1,Batch3,20.03991668213832,42.01337682630719,2
2023-10-26,Morning,B456,M1,Batch3,20.43953516923329,40.455963907610396,3
2023-10-26,Night,B456,M1,Batch3,20.709087913577335,44.7007246662936,5
2023-10-26,Afternoon,C789,M2,Batch3,21.930150397733506,59.82225387461348,5
2023-10-26,Morning,D111,M1,Batch1,20.95025577196192,59.699170594739996,5
2023-10-26,Night,D111,M3,Batch1,20.4662886057083,49.83671112062535,3
2023-10-26,Morning,B456,M3,Batch3,20.455796076932376,56.21931677250325,0
2023-10-26,Night,E222,M2,Batch3,22.453762810386074,54.92661571621747,1
2023-10-26,Night,E222,M2,Batch2,20.737750816019332,40.251209382189316,1
2023-10-26,Afternoon,A123,M1,Batch1,21.86031275754804,42.25886077245085,2
2023-10-26,Afternoon,C789,M2,Batch1,24.070960626545943,45.41408951955797,2
2023-10-26,Morning,B456,M2,Batch3,20.501866835820394,59.83007837815825,5
2023-10-26,Morning,E222,M2,Batch1,20.840162859859753,41.67919466866799,5
2023-10-26,Morning,C789,M3,Batch2,23.980613082840406,45.130261171496514,4
2023-10-26,Night,D111,M2,Batch2,20.914855944538022,57.00491040647722,0
2023-10-26,Afternoon,E222,M1,Batch1,22.241012438388154,57.65850768141125,4
2023-10-26,Morning,A123,M2,Batch1,24.535408685008022,49.485752991740895,3
2023-10-26,Afternoon,C789,M3,Batch2,24.892419872831287,58.94211695538975,2
2023-10-26,Afternoon,A123,M2,Batch3,22.487523894955665,54.825297923994995,0
2023-10-26,Night,E222,M1,Batch2,24.36103622376584,48.74497619670291,1
2023-10-26,Morning,C789,M1,Batch1,21.118907901511527,45.640635641331656,4
2023-10-26,Afternoon,C789,M1,Batch1,23.833036656254734,49.0302391903608,0
2023-10-26,Afternoon,E222,M1,Batch2,20.07502349319609,56.83989407516404,1
2023-10-26,Morning,B456,M2,Batch3,20.619641734949965,54.496894410704236,2
2023-10-26,Night,E222,M1,Batch1,20.14870337371473,59.54733077555452,5
2023-10-26,Night,C789,M1,Batch2,24.453940143558874,54.343048221772996,5
2023-10-26,Afternoon,E222,M1,Batch1,21.21562024738533,41.328792826786966,4
2023-10-26,Afternoon,A123,M2,Batch2,23.922410616276608,50.27558813166646,0
2023-10-26,Morning,C789,M2,Batch2,21.429746562579233,54.75888921276727,3
2023-10-26,Morning,C789,M2,Batch1,22.90137571969496,54.70286378730145,2
2023-10-26,Afternoon,C789,M3,Batch1,20.412902210441793,40.755533903055706,2
2023-10-26,Afternoon,E222,M1,Batch2,23.319984240262873,50.79550870010586,2
2023-10-26,Morning,D111,M2,Batch2,21.758997010000925,40.29915532897603,3
2023-10-26,Night,C789,M3,Batch1,21.519661413453985,58.73839300465784,0
2023-10-26,Night,A123,M1,Batch1,24.168972181132915,42.86945504967897,5
2023-10-26,Afternoon,C789,M3,Batch3,21.42820244679367,44.97959101631927,5
2023-10-26,Afternoon,C789,M3,Batch3,23.413200231152825,44.245444032188786,2
2023-10-26,Afternoon,A123,M1,Batch1,23.52227465760324,59.78172589359964,5
2023-10-26,Afternoon,B456,M2,Batch1,22.000948336764175,46.423309046662084,1
2023-10-26,Morning,A123,M2,Batch2,24.638145374101466,54.55808356977479,2
2023-10-26,Morning,D111,M1,Batch3,22.120282763861187,52.07733470117311,5
2023-10-26,Morning,A123,M3,Batch2,20.229533985826833,41.83234734081849,0
2023-10-26,Night,A123,M2,Batch3,24.418063652167596,45.94199756106302,0
2023-10-26,Afternoon,B456,M3,Batch2,20.62186012295149,41.969049740886476,1
2023-10-26,Afternoon,E222,M1,Batch1,21.578635162850166,50.528336700029215,5
2023-10-26,Afternoon,C789,M1,Batch1,24.976494888719085,56.67116329398513,4
2023-10-26,Morning,B456,M2,Batch1,24.749664584462263,55.60917186675763,4
2023-10-26,Morning,C789,M1,Batch3,24.057720027886745,57.945075257211286,5
2023-10-26,Afternoon,D111,M2,Batch1,20.1548989511728,53.46679236050228,1
2023-10-26,Afternoon,A123,M1,Batch3,23.94487772187413,59.843884232651845,0
2023-10-26,Afternoon,E222,M3,Batch2,22.31354426385019,58.61966293862399,0
2023-10-26,Morning,C789,M1,Batch1,24.33921436408222,45.1898239172695,1
2023-10-26,Morning,A123,M3,Batch1,21.58879676256522,42.713468784607166,1
2023-10-26,Morning,E222,M1,Batch2,22.147975167709234,46.749294969037734,3
2023-10-26,Night,A123,M3,Batch2,21.085547295426473,49.721272294025994,3
2023-10-26,Morning,E222,M3,Batch3,24.513921333749792,59.15646228420968,3
2023-10-26,Night,A123,M3,Batch1,24.23013733250078,48.44058897741512,2
2023-10-26,Night,C789,M1,Batch2,21.572052212119118,52.976077021115636,0
2023-10-26,Afternoon,E222,M3,Batch1,21.937554897963842,58.22259734645232,3
2023-10-26,Morning,A123,M3,Batch1,23.7255057569176,55.532734191464726,3
2023-10-26,Afternoon,C789,M3,Batch2,21.79234583026217,48.908161057881145,4
2023-10-26,Morning,C789,M3,Batch1,21.719033708385318,40.10372089037955,5
2023-10-26,Afternoon,D111,M1,Batch2,20.75963737575273,43.35056674738431,5
2023-10-26,Morning,B456,M1,Batch1,22.422438189411437,52.153267854076375,4
2023-10-26,Morning,E222,M3,Batch2,23.713737124432008,51.0152301881093,3
2023-10-26,Afternoon,C789,M3,Batch3,21.335460657529097,48.783772024482026,2
2023-10-26,Afternoon,A123,M3,Batch3,22.568902830176402,48.555617236319144,5
2023-10-26,Afternoon,A123,M1,Batch3,21.988053656260377,54.36758702052793,3
2023-10-26,Night,C789,M3,Batch1,23.58909701357953,55.492621100420436,4
2023-10-26,Night,B456,M1,Batch1,24.38241036895098,52.86305291400769,3
2023-10-26,Night,B456,M3,Batch1,21.8389361167507,53.23913995620422,0
2023-10-26,Night,D111,M3,Batch1,20.135030470639474,51.22953775892749,0
2023-10-26,Morning,B456,M3,Batch2,20.907927690900415,50.903837233092815,4
2023-10-26,Morning,E222,M3,Batch3,20.623449013325413,47.42750511218889,1
2023-10-26,Morning,E222,M2,Batch2,22.79384897705339,46.10825902919112,0
2023-10-26,Night,E222,M1,Batch3,22.888886183407077,40.05081958190714,3
2023-10-26,Night,D111,M3,Batch1,20.79307594343774,46.02993747184451,0
2023-10-26,Afternoon,D111,M3,Batch2,21.92213379851783,54.99407196942943,2
2023-10-26,Afternoon,E222,M1,Batch2,22.785385031495814,49.34140679712996,4
2023-10-26,Morning,D111,M2,Batch2,24.25492553183955,43.95032574436748,0
2023-10-26,Afternoon,B456,M3,Batch3,22.628354424187712,45.2018053637112,2
2023-10-26,Morning,B456,M2,Batch1,24.532824737977375,56.177394110925704,3
2023-10-26,Night,E222,M3,Batch1,22.868419952376264,45.760862635733034,2
2023-10-26,Morning,B456,M3,Batch2,20.873436998607172,49.91727283925556,4
2023-10-26,Night,C789,M3,Batch3,24.034444210911808,52.03056126403005,0
2023-10-26,Night,D111,M1,Batch1,22.295567228503852,52.829054997084,3
2023-10-26,Night,C789,M1,Batch3,23.60443020078619,41.09065704037264,2
2023-10-26,Afternoon,C789,M1,Batch3,24.88299207192648,46.53060550858192,4
2023-10-26,Night,D111,M1,Batch1,22.485172836558977,41.01624609319223,3
2023-10-26,Night,B456,M3,Batch1,24.800633799982137,45.463379288189365,1
2023-10-26,Afternoon,D111,M1,Batch1,23.36133216303615,44.403039290773016,0
2023-10-26,Afternoon,B456,M1,Batch3,23.078033112894534,48.41666308032244,3
2023-10-26,Afternoon,B456,M3,Batch1,24.45016228272784,51.73140404852417,5
2023-10-26,Afternoon,B456,M1,Batch3,22.598486113015493,43.56119545288229,3
2023-10-26,Afternoon,A123,M2,Batch2,22.20751859820586,56.57181521991155,2
2023-10-26,Morning,D111,M2,Batch1,23.72802014419378,53.72457855866529,4
2023-10-26,Afternoon,E222,M3,Batch1,20.211071567126588,59.681505245952806,3
2023-10-26,Night,D111,M1,Batch3,20.949598908283573,42.17244716463359,2
2023-10-26,Morning,E222,M3,Batch1,20.485479389214625,48.541681923720006,0
2023-10-26,Morning,D111,M1,Batch3,24.67843753205737,59.45273528462404,1
2023-10-26,Afternoon,C789,M1,Batch1,21.10984409126339,44.569309846993605,2
2023-10-26,Morning,A123,M2,Batch3,20.794009029840343,52.54415336987792,0
2023-10-26,Morning,E222,M3,Batch2,21.128239813002356,40.39989230819147,0
2023-10-26,Night,D111,M3,Batch1,20.149895908982607,46.19386865795442,0
2023-10-26,Morning,E222,M3,Batch3,20.25645691056536,41.26970743896025,4
2023-10-26,Afternoon,E222,M2,Batch1,23.712216703530764,43.044534606217915,3
2023-10-26,Afternoon,C789,M3,Batch2,21.02689929419566,57.706192332726346,3
2023-10-26,Morning,E222,M3,Batch2,20.873774802813664,49.42013318727806,4
2023-10-26,Night,B456,M2,Batch3,23.68970586171785,48.549745475171036,2
2023-10-26,Night,B456,M2,Batch1,21.890012745897142,48.764499888623476,4
2023-10-26,Night,A123,M3,Batch2,24.576048374480628,42.953752444839594,0
2023-10-26,Night,C789,M3,Batch3,24.565841242939896,53.6893895720361,5
2023-10-26,Night,B456,M3,Batch2,20.798250691126764,51.97618957955356,4
2023-10-26,Afternoon,A123,M2,Batch1,23.64601170401371,55.152261322867275,2
2023-10-26,Afternoon,C789,M2,Batch2,22.235469547017416,57.161740345456195,2
2023-10-26,Afternoon,B456,M1,Batch3,20.039002242582793,52.81425000271216,4
2023-10-26,Night,C789,M1,Batch2,20.73072896774599,45.9926454650326,2
2023-10-26,Morning,B456,M3,Batch2,23.16273039604968,53.35346592725496,4
2023-10-26,Afternoon,C789,M2,Batch2,20.03532048176547,54.60043343559493,3
2023-10-26,Night,B456,M2,Batch2,22.625288843660243,41.578748933454904,3
2023-10-26,Morning,E222,M3,Batch2,20.54666003077891,49.85364657651435,2
2023-10-26,Morning,A123,M3,Batch1,20.15085110713209,54.69301126471875,2
2023-10-26,Afternoon,C789,M3,Batch1,22.091332646399575,55.894460941218874,2
2023-10-26,Morning,D111,M1,Batch3,23.653762791649257,49.513646186304996,2
2023-10-26,Morning,A123,M1,Batch3,20.93044156269695,42.536204607160876,1
2023-10-26,Afternoon,B456,M2,Batch3,21.066382324612555,56.54510090117785,3
2023-10-26,Morning,E222,M1,Batch1,22.480314227764147,51.830212186379754,5
2023-10-26,Night,D111,M2,Batch2,22.575942146438187,41.659103993711526,4
2023-10-26,Night,A123,M3,Batch1,21.934987519231335,52.29841636032958,3
2023-10-26,Afternoon,A123,M2,Batch2,22.95488727150705,43.743815490420644,5
2023-10-26,Morning,A123,M2,Batch3,22.176067722132988,55.12407075324032,0
2023-10-26,Morning,E222,M2,Batch1,20.382925689021597,44.02638564229897,1
2023-10-26,Morning,C789,M2,Batch1,21.795366645267354,54.59284340936489,2
2023-10-26,Morning,A123,M2,Batch2,20.009554719264216,42.12473460860571,0
2023-10-26,Night,D111,M3,Batch1,20.87000528245905,59.293923737902155,3
2023-10-26,Morning,A123,M1,Batch2,20.938466407860737,59.755523513173145,5
2023-10-26,Morning,A123,M3,Batch1,24.861842293768113,57.51625603865048,2
2023-10-26,Night,E222,M2,Batch3,22.51961779355501,55.59204294241452,5
2023-10-26,Night,E222,M2,Batch3,23.26617611343339,43.15163452991417,4
2023-10-26,Afternoon,A123,M1,Batch2,22.39330363101711,47.89980293643304,0
2023-10-26,Night,E222,M1,Batch3,21.277838611533923,59.608065312079844,2
2023-10-26,Night,A123,M1,Batch2,23.335746021252767,52.80111540655314,4
2023-10-26,Afternoon,E222,M3,Batch1,20.445573016004694,51.66542333016232,4
2023-10-26,Morning,E222,M2,Batch1,20.894402528969582,48.508527077947605,0
2023-10-26,Morning,D111,M3,Batch3,21.25673969431156,49.43250734682971,5
2023-10-26,Morning,D111,M1,Batch1,21.387089347842323,58.05787548836186,1
2023-10-26,Night,C789,M1,Batch3,22.218150908130013,57.394027918549895,5
2023-10-26,Night,A123,M3,Batch3,20.613958553234617,54.94684250218163,0
2023-10-26,Night,C789,M1,Batch3,22.016831280248944,55.70483002238256,1
2023-10-26,Night,C789,M3,Batch2,21.466304561683895,48.747924672408416,5
2023-10-26,Afternoon,B456,M3,Batch1,24.681940784829074,51.263322675296955,4
2023-10-26,Morning,D111,M2,Batch3,23.873934630672476,55.52761833718888,0
2023-10-26,Afternoon,E222,M1,Batch2,23.258998172852692,50.301229198971,2
2023-10-26,Night,A123,M1,Batch1,21.183898404514768,43.130924660602226,4
2023-10-26,Night,B456,M2,Batch1,21.41139475635168,56.46905685105372,0
2023-10-26,Night,B456,M2,Batch1,23.715105757826542,47.03452882690387,1
2023-10-26,Night,E222,M3,Batch2,23.656074144852212,41.22024243496414,5
2023-10-26,Morning,B456,M3,Batch3,22.412383907230534,54.27739066309009,4
2023-10-26,Night,C789,M2,Batch1,22.795434360190416,59.221970496291824,2
2023-10-26,Afternoon,D111,M2,Batch2,24.939253798457933,44.3644575912842,1
2023-10-26,Afternoon,C789,M1,Batch1,20.03220997538203,56.0736536352429,5
2023-10-26,Afternoon,D111,M3,Batch3,21.581711356271935,41.149385339790726,5
2023-10-26,Morning,D111,M3,Batch3,20.414454556925588,59.285729329745706,4
2023-10-26,Night,E222,M1,Batch3,20.247002437076286,53.812450899770695,1
2023-10-26,Morning,D111,M3,Batch1,23.211687890747697,45.78079761523745,3
2023-10-26,Afternoon,A123,M3,Batch2,21.315760567583155,41.30201694456856,2
2023-10-26,Afternoon,B456,M3,Batch1,21.706758906532844,47.31618914260929,4
2023-10-26,Night,D111,M3,Batch1,22.151936913697114,45.190688010396755,0
2023-10-26,Night,C789,M1,Batch2,20.60082460618202,46.503555660922736,5
2023-10-26,Night,A123,M2,Batch3,22.247957269174233,45.15787670676147,1
2023-10-26,Night,D111,M2,Batch2,24.824488414310935,59.64470625774852,2
2023-10-26,Morning,E222,M3,Batch1,24.301862029124784,59.221683101729525,1
2023-10-26,Afternoon,C789,M1,Batch1,24.342662990326275,54.26760895375777,4
2023-10-26,Afternoon,B456,M2,Batch1,21.170232245851846,48.15419696981242,1
2023-10-26,Night,A123,M3,Batch2,21.106014278401293,48.07303586451151,2
2023-10-26,Morning,C789,M2,Batch1,21.56845534511668,51.78159325611739,2
2023-10-26,Afternoon,E222,M3,Batch1,22.89422838385476,44.867024642995204,0
2023-10-26,Night,D111,M1,Batch2,20.054201475198685,57.853583671023664,2
2023-10-26,Morning,B456,M2,Batch3,23.769991829927523,43.35324389681721,5
2023-10-26,Night,B456,M2,Batch3,23.017165229908315,40.409805802927345,2
2023-10-26,Night,E222,M1,Batch3,22.146611620182803,59.08583742724411,2
2023-10-26,Morning,B456,M3,Batch3,24.84509283530592,54.44567138992431,1
2023-10-26,Morning,B456,M3,Batch1,24.45879966759818,45.63111020867133,5
2023-10-26,Afternoon,E222,M2,Batch1,23.095438838229448,52.85776895368346,2
2023-10-26,Morning,B456,M1,Batch3,20.006533015789916,49.455230066261336,2
2023-10-26,Morning,E222,M3,Batch3,22.157311311677585,57.29629466726024,1
2023-10-26,Morning,A123,M3,Batch1,24.65203310952514,44.024941341608475,4
2023-10-26,Morning,B456,M1,Batch1,21.322291793097193,50.572672680458396,0
2023-10-26,Afternoon,A123,M1,Batch1,22.59718463340531,40.227428724277374,4
2023-10-26,Afternoon,D111,M1,Batch1,22.693924356525283,57.96001094644049,1
2023-10-26,Night,C789,M2,Batch1,21.135826445241218,45.68917454014802,4
2023-10-26,Morning,D111,M2,Batch3,20.66294658104007,43.55229065390057,3
2023-10-26,Night,E222,M2,Batch1,23.725156903918858,54.70750107883613,3
2023-10-26,Night,B456,M2,Batch3,22.664607268005334,53.08714152463323,2
2023-10-26,Afternoon,A123,M2,Batch3,22.24573426077966,43.44575976528006,4
2023-10-26,Morning,D111,M1,Batch1,22.73152287256878,48.01643527098993,1
2023-10-26,Morning,A123,M1,Batch3,21.31234622204654,50.50739427319335,1
2023-10-26,Night,E222,M3,Batch1,24.192703863832282,53.868336497332514,1
2023-10-26,Morning,E222,M3,Batch2,24.190239421548494,49.90736076530272,0
2023-10-26,Morning,E222,M1,Batch2,22.372813455682124,59.60497991519886,1
2023-10-26,Night,B456,M3,Batch3,23.067028083698087,41.29420889508426,3
2023-10-26,Afternoon,D111,M3,Batch1,21.23880695436241,56.996112206182524,3
2023-10-26,Night,C789,M3,Batch1,22.28862232896567,51.21957428876386,5
2023-10-26,Afternoon,A123,M3,Batch1,21.380937795337935,52.53858267257914,1
2023-10-26,Afternoon,E222,M3,Batch3,22.162510040777153,58.96601030214954,4
2023-10-26,Morning,C789,M2,Batch3,23.535778266863993,56.520266932443384,5
2023-10-26,Afternoon,B456,M1,Batch2,24.68683837671852,58.81282274119079,2
2023-10-26,Afternoon,A123,M1,Batch1,24.141209882995017,57.484746345601735,3
2023-10-26,Night,E222,M3,Batch3,22.74680434410915,46.95761129672691,0
2023-10-26,Afternoon,D111,M2,Batch1,22.17885184679214,56.313199820411455,3
2023-10-26,Night,E222,M1,Batch3,24.751176368351636,48.42170177908555,5
2023-10-26,Morning,A123,M1,Batch1,22.702866500708772,48.48677345103218,1
2023-10-26,Night,C789,M2,Batch1,23.594466809441048,41.983819225350786,0
2023-10-26,Night,C789,M1,Batch1,21.182402999973096,58.56719288244844,4
2023-10-26,Night,A123,M2,Batch3,23.67821936310597,51.84666309518747,3
2023-10-26,Morning,A123,M2,Batch2,24.235459939639277,56.63451479236625,5
2023-10-26,Afternoon,B456,M2,Batch1,21.780427181340258,48.25077282368214,3
2023-10-26,Afternoon,D111,M2,Batch1,20.07439637714411,53.8761691961364,1
2023-10-26,Afternoon,E222,M2,Batch3,21.39334600684475,48.85558435949369,5
2023-10-26,Night,E222,M2,Batch2,22.781390444716425,56.08932860314242,1
2023-10-26,Morning,E222,M2,Batch3,23.34950202155381,41.45058207423022,5
2023-10-26,Morning,C789,M2,Batch2,21.37829705547534,46.674859504477894,5
2023-10-26,Afternoon,E222,M1,Batch1,24.148891489475318,47.40313728729567,5
2023-10-26,Afternoon,A123,M3,Batch1,20.868276898572194,49.83557928771214,0
2023-10-26,Morning,B456,M2,Batch2,20.31056835466791,42.76891650561843,1
2023-10-26,Morning,D111,M1,Batch3,24.05841707200642,55.03876102378784,0
2023-10-26,Morning,B456,M3,Batch1,22.503361197038192,48.561635159054866,3
2023-10-26,Morning,E222,M2,Batch2,23.986412937841504,49.57478905067656,3
2023-10-26,Afternoon,B456,M3,Batch1,21.7229111433231,42.959673911443375,4
2023-10-26,Afternoon,B456,M3,Batch3,21.133812053152077,40.847324866999955,1
2023-10-26,Morning,D111,M1,Batch1,20.10422162861394,55.47876296495667,0
2023-10-26,Morning,A123,M1,Batch3,21.062722836101923,51.218087535759,2
2023-10-26,Morning,A123,M3,Batch2,23.198377869290265,57.34868239389755,4
2023-10-26,Night,A123,M1,Batch3,20.097273608915682,47.224495511945086,4
2023-10-26,Afternoon,B456,M1,Batch3,22.032665208860514,56.83911723406237,5
2023-10-26,Afternoon,B456,M3,Batch1,22.476294015941626,42.15531557310091,0
2023-10-26,Afternoon,D111,M2,Batch2,23.117688786885637,42.36752203740612,1
2023-10-26,Night,D111,M1,Batch1,22.58357447487802,52.46763051156955,3
2023-10-26,Morning,E222,M1,Batch1,20.29614872870011,53.89027103330242,3
2023-10-26,Morning,A123,M2,Batch1,21.0275374931734,47.79169891323991,5
2023-10-26,Morning,A123,M1,Batch1,22.300533153587615,51.25129389304178,3
2023-10-26,Night,A123,M2,Batch1,20.271835545158698,49.90732715028274,2
2023-10-26,Night,A123,M1,Batch1,22.226638477135335,48.286932850969436,3
2023-10-26,Morning,E222,M1,Batch2,24.220245767474978,47.224959590840164,4
2023-10-26,Morning,E222,M3,Batch3,22.196675991236386,57.3666430373373,1
2023-10-26,Morning,A123,M1,Batch1,21.53521549777209,58.646080741553355,5
2023-10-26,Morning,C789,M1,Batch3,23.33564385808797,48.53741875785772,2
2023-10-26,Morning,A123,M3,Batch3,23.979707001955383,41.64198420349384,5
2023-10-26,Morning,C789,M3,Batch3,20.692020701979203,58.71096649419556,4
2023-10-26,Night,A123,M3,Batch1,24.84519573550609,49.96116119601287,2
2023-10-26,Afternoon,D111,M1,Batch2,23.189826065163025,55.74002368228806,5
2023-10-26,Morning,A123,M1,Batch2,23.115305921245348,40.7421096107327,4
2023-10-26,Morning,C789,M3,Batch1,20.28395016058016,53.1197820975571,0
2023-10-26,Afternoon,C789,M2,Batch3,24.83817878615592,54.59971597736024,1
2023-10-26,Afternoon,D111,M1,Batch2,21.32915069769231,58.418809213167066,2
2023-10-26,Morning,E222,M2,Batch3,24.73731726852431,45.4587538774145,4
2023-10-26,Night,C789,M2,Batch1,23.125818388220193,43.07790284789599,0
2023-10-26,Night,C789,M2,Batch3,20.332010234006596,53.89740111635271,1
2023-10-26,Afternoon,A123,M2,Batch3,22.371232737741153,45.01838048856034,5
2023-10-26,Afternoon,C789,M2,Batch1,20.842658219615224,41.51305757577088,0
2023-10-26,Afternoon,D111,M2,Batch1,24.237414416931745,48.74980977547147,3
2023-10-26,Night,E222,M1,Batch2,23.665696785600797,57.27240331452115,3
2023-10-26,Afternoon,A123,M1,Batch1,24.603996625668902,56.45074440530398,4
2023-10-26,Night,A123,M3,Batch3,23.212137530481026,59.68767931507112,1
2023-10-26,Night,B456,M1,Batch1,23.29464926039915,46.73939489139294,0
2023-10-26,Afternoon,D111,M1,Batch3,23.936249614455996,58.81011186061107,2
2023-10-26,Morning,B456,M2,Batch2,21.374705027050386,53.53214221951939,2
2023-10-26,Night,A123,M1,Batch1,23.034257179926694,42.673667110298894,4
2023-10-26,Morning,A123,M2,Batch3,23.31399015257048,49.514797658203776,2
2023-10-26,Afternoon,B456,M2,Batch3,20.176314009064896,57.03892690802337,4
2023-10-26,Afternoon,B456,M1,Batch3,20.951579087976718,49.90501606934313,0
2023-10-26,Morning,A123,M2,Batch1,22.92435899635847,42.16713469874405,3
2023-10-26,Morning,D111,M2,Batch1,22.977226751491223,54.46270238841066,3
2023-10-26,Afternoon,D111,M2,Batch3,23.83985011835881,45.810039740759656,5
2023-10-26,Morning,A123,M1,Batch2,20.20617706049664,47.90128589817501,4
2023-10-26,Morning,B456,M3,Batch3,20.11982672215325,56.269587221769754,2
2023-10-26,Morning,B456,M2,Batch2,23.24655348877065,51.86304088493472,2
2023-10-26,Morning,A123,M1,Batch2,21.40200283788291,55.38398123032988,1
2023-10-26,Morning,A123,M3,Batch3,24.41837164866316,49.85725752976822,2
2023-10-26,Night,C789,M3,Batch3,24.203423830030616,59.720708496484875,5
2023-10-26,Night,D111,M2,Batch2,21.09989962897063,45.92697343174027,0
2023-10-26,Night,A123,M1,Batch2,20.017420434012045,46.974432505050316,1
2023-10-26,Night,A123,M1,Batch3,24.80692278992833,59.507916733598385,1
2023-10-26,Night,E222,M2,Batch2,20.60063937447955,52.64328719586903,3
2023-10-26,Night,A123,M3,Batch3,21.635864256566713,58.35246738285071,5
2023-10-26,Night,C789,M2,Batch1,20.803033895335847,56.361566108302256,5
2023-10-26,Night,E222,M2,Batch1,23.530934650100008,41.25831322604589,1
2023-10-26,Morning,D111,M2,Batch3,24.13539871748408,56.97198923866147,5
2023-10-26,Afternoon,A123,M2,Batch1,22.50923810515927,43.61613097427431,5
2023-10-26,Morning,B456,M2,Batch2,20.678279904973333,56.80876403035033,2
2023-10-26,Afternoon,D111,M2,Batch1,21.789354863075935,58.45464797663897,3
2023-10-26,Afternoon,E222,M2,Batch3,22.306716438521406,45.96541311532648,3
2023-10-26,Morning,A123,M2,Batch2,22.236174990659922,41.76794347499532,2
2023-10-26,Afternoon,C789,M2,Batch2,20.57388560068842,49.25313922798347,4
2023-10-26,Morning,A123,M1,Batch2,23.822767458687096,45.04307396920073,1
2023-10-26,Morning,C789,M3,Batch2,23.49653970281862,47.598656559166976,3
2023-10-26,Morning,E222,M1,Batch3,24.462882396668626,43.245757504156025,2
2023-10-26,Afternoon,D111,M1,Batch2,22.953208133912177,41.83756013845352,5
2023-10-26,Night,B456,M1,Batch2,20.107988442497813,57.64559552577313,3
2023-10-26,Night,D111,M2,Batch3,22.463461871899764,52.78021268740202,3
2023-10-26,Morning,C789,M3,Batch3,22.19951576588918,50.662858664644354,3
2023-10-26,Night,A123,M1,Batch3,20.774260742224516,44.92142473409824,4
2023-10-26,Morning,B456,M1,Batch1,23.429846035597798,55.42035286678392,1
2023-10-26,Morning,C789,M2,Batch3,21.83292666552822,42.87541227475974,0
2023-10-26,Afternoon,E222,M3,Batch3,24.687055262425645,53.13862664642123,1
2023-10-26,Afternoon,E222,M2,Batch1,22.54367262710854,59.11742806716915,1
2023-10-26,Afternoon,C789,M3,Batch3,20.143743827203668,56.70141621369603,3
2023-10-26,Morning,B456,M2,Batch3,22.562337969245995,57.78511438573095,0
2023-10-26,Afternoon,E222,M3,Batch2,20.16478689182049,48.77954736848128,2
2023-10-26,Afternoon,E222,M3,Batch3,20.10874086813687,57.00640699320858,3
2023-10-26,Morning,D111,M3,Batch2,22.90142819109583,45.59796064174779,0
2023-10-26,Night,D111,M3,Batch2,21.82385128113703,43.9843307303406,4
2023-10-26,Afternoon,E222,M2,Batch1,24.989851765906455,50.993375291043655,0
2023-10-26,Night,C789,M1,Batch3,22.647782100714647,41.708020078298254,3
2023-10-26,Afternoon,B456,M1,Batch3,24.769820063997884,53.49957875096435,0
2023-10-26,Night,B456,M2,Batch1,24.62278697769113,53.46947972969981,2
2023-10-26,Afternoon,E222,M1,Batch2,21.32940387516463,44.668029348496916,0
2023-10-26,Night,C789,M1,Batch3,22.32890046274666,53.79379154995678,4
2023-10-26,Afternoon,E222,M2,Batch3,22.728427330485566,40.761593600660035,5
2023-10-26,Night,E222,M3,Batch2,24.07831716487285,49.21165234235536,3
2023-10-26,Afternoon,E222,M3,Batch3,22.28924547752395,43.532819553211596,0
2023-10-26,Night,E222,M2,Batch2,22.298602610345597,58.508881784678195,5
2023-10-26,Night,C789,M3,Batch1,21.65880600437662,57.69006091806129,4
2023-10-26,Night,C789,M1,Batch1,21.044804693634468,43.60662112482883,4
2023-10-26,Afternoon,D111,M3,Batch2,23.845457527977622,40.890726476297786,0
2023-10-26,Night,E222,M3,Batch1,21.246001574952018,44.945444773447214,1
2023-10-26,Night,A123,M3,Batch1,21.713884251523037,50.08672205985973,0
2023-10-26,Morning,D111,M1,Batch2,20.41793893177968,48.04200022013535,0
2023-10-26,Morning,B456,M1,Batch3,23.847302480754816,48.99997193999152,3
2023-10-26,Morning,B456,M1,Batch2,24.07115964014248,45.21882724951415,4
2023-10-26,Afternoon,A123,M3,Batch3,21.685452601663265,56.67414082090211,0
2023-10-26,Afternoon,A123,M1,Batch2,23.43959571999543,40.44707177138533,3
2023-10-26,Night,A123,M2,Batch3,23.73518253442092,41.860334955817784,5
2023-10-26,Afternoon,E222,M3,Batch2,23.329484251757073,51.642562365191544,2
2023-10-26,Afternoon,D111,M3,Batch2,24.49495089028926,43.33494158062104,3
2023-10-26,Night,B456,M1,Batch1,23.97540321102717,50.84514695708169,4
2023-10-26,Night,E222,M1,Batch1,24.569975281570365,52.26813664920026,1
2023-10-26,Night,C789,M3,Batch1,23.825294223167525,59.666560838925434,2
2023-10-26,Afternoon,E222,M1,Batch3,22.015336513545822,59.63595951705716,0
2023-10-26,Afternoon,D111,M2,Batch1,20.214142749262248,41.409384739197705,0
2023-10-26,Night,E222,M3,Batch2,23.86083740220778,58.28520627796297,5
2023-10-26,Afternoon,A123,M1,Batch1,21.74790258994762,42.86843059155627,3
2023-10-26,Morning,E222,M2,Batch1,22.15801928679172,40.01725983198959,3
2023-10-26,Morning,D111,M3,Batch3,20.437587189072097,52.88821051816406,5
2023-10-26,Night,D111,M3,Batch2,23.283083695549124,51.42278826644708,5
2023-10-26,Morning,E222,M2,Batch2,23.198749634658448,59.445733458391175,1
2023-10-26,Morning,E222,M1,Batch3,21.956037493336126,41.86043772114381,3
2023-10-26,Afternoon,E222,M1,Batch3,24.178734765511138,51.201977485851344,4
2023-10-26,Afternoon,B456,M3,Batch3,23.427408235090898,50.65630706066571,3
2023-10-26,Night,A123,M2,Batch1,21.7580305254217,41.420823408702816,1
2023-10-26,Morning,E222,M1,Batch3,22.12750337696194,53.850651178255646,5
2023-10-26,Morning,A123,M1,Batch2,24.258219945597606,46.94344118924828,2
2023-10-26,Afternoon,D111,M3,Batch3,21.333701664326824,43.91709055630892,2
2023-10-26,Night,E222,M1,Batch1,24.80843657450393,53.815667707742946,5
2023-10-26,Night,A123,M1,Batch1,23.33628454094149,50.098453441150106,1
2023-10-26,Afternoon,B456,M3,Batch3,22.57861431631316,42.61479373350221,2
2023-10-26,Morning,D111,M2,Batch2,23.221426240317257,40.37674806014718,1
2023-10-26,Morning,C789,M3,Batch1,23.009635227660617,55.66753664668903,5
2023-10-26,Afternoon,C789,M1,Batch2,22.667368920778717,52.447086742420645,2
2023-10-26,Afternoon,D111,M2,Batch2,20.279669277105874,41.5376223795669,3
2023-10-26,Night,C789,M1,Batch1,20.379180481385042,55.88168913647208,5
2023-10-26,Morning,A123,M3,Batch2,20.889874714118374,56.595788892095,4
2023-10-26,Afternoon,E222,M3,Batch2,20.455507231868783,50.12304669662573,0
2023-10-26,Morning,B456,M3,Batch2,22.037752688023907,40.07249973437758,2
2023-10-26,Night,E222,M1,Batch2,22.608124432071836,40.1409326328463,1
2023-10-26,Morning,E222,M2,Batch2,24.97948106476332,40.75636504749553,4
2023-10-26,Afternoon,B456,M1,Batch3,20.493959773012165,47.589896755563224,5
2023-10-26,Morning,A123,M3,Batch1,23.617133749640566,46.63072111043891,3
2023-10-26,Afternoon,E222,M3,Batch1,24.07857364880729,44.20177901375928,3
2023-10-26,Afternoon,D111,M3,Batch3,21.28464377383526,57.222715480844016,4
2023-10-26,Afternoon,B456,M3,Batch2,22.63689251474929,40.29705416914295,3
2023-10-26,Night,A123,M3,Batch3,20.676527871939633,40.287910347887504,1
2023-10-26,Afternoon,D111,M3,Batch3,21.021884892346236,46.5857210463073,2
2023-10-26,Morning,D111,M2,Batch1,22.199138510306735,53.1438003728598,0
2023-10-26,Morning,C789,M1,Batch2,20.672971819367657,49.82281233090494,5
2023-10-26,Morning,D111,M2,Batch2,21.249881321611028,42.30990320281066,2
2023-10-26,Morning,E222,M1,Batch2,20.260304493836966,44.90792357917588,1
2023-10-26,Afternoon,C789,M2,Batch3,20.344316448426124,51.25449136765789,1
2023-10-26,Afternoon,A123,M3,Batch3,23.160870914703754,48.71592921168444,0
2023-10-26,Morning,D111,M1,Batch1,22.3889304745415,47.90478620379527,2
2023-10-26,Afternoon,E222,M3,Batch2,24.922112891240577,52.241461719212126,2
2023-10-26,Afternoon,E222,M2,Batch2,21.048831042418357,40.22955010768232,0
2023-10-26,Morning,C789,M1,Batch1,23.382479003066713,49.72372719310049,1
2023-10-26,Night,D111,M2,Batch2,20.592024497617825,46.067581262987986,3
2023-10-26,Afternoon,E222,M1,Batch1,21.241204859821767,48.31292562880686,1
2023-10-26,Night,C789,M3,Batch3,20.269559579044717,56.32116775381403,5
2023-10-26,Night,A123,M2,Batch3,24.739346249310465,53.409029636711324,3
2023-10-26,Morning,E222,M3,Batch1,24.533490015472598,42.80733271575834,5
2023-10-26,Morning,D111,M1,Batch1,22.925334870555183,45.15081048927945,3
2023-10-26,Night,A123,M1,Batch3,21.60183406203962,42.34166524731575,1
2023-10-26,Morning,E222,M2,Batch3,23.131530086360716,48.601346237616,3
2023-10-26,Afternoon,B456,M1,Batch2,22.0384688289337,50.74426454096235,4
2023-10-26,Night,E222,M3,Batch3,20.152952471352002,48.48295143801599,5
2023-10-26,Afternoon,D111,M3,Batch1,20.693940860437483,41.55250267367432,4
2023-10-26,Night,E222,M1,Batch1,21.331915991140253,57.555193126896256,0
2023-10-26,Morning,E222,M3,Batch2,22.541681389795365,46.097738119382655,3
2023-10-26,Night,B456,M3,Batch3,20.612907306241745,55.767575427316125,3
2023-10-26,Morning,A123,M2,Batch1,24.895104011206193,50.720703466166675,4
2023-10-26,Night,C789,M2,Batch1,22.574868203490574,53.960281550332375,3
2023-10-26,Afternoon,A123,M3,Batch1,24.19409006056689,51.29337383466635,0
2023-10-26,Morning,E222,M2,Batch1,20.34527390052382,59.5407384202655,4
2023-10-26,Night,D111,M3,Batch2,21.935281061963217,57.37729816063878,4
2023-10-26,Morning,E222,M2,Batch3,20.120214884247687,57.73498537272198,1
2023-10-26,Afternoon,D111,M3,Batch3,22.655091517870474,55.289518185734664,2
2023-10-26,Morning,A123,M1,Batch1,20.784856877512734,49.142455688476645,4
2023-10-26,Night,A123,M3,Batch2,23.15636628106444,51.28602570551675,4
2023-10-26,Morning,A123,M3,Batch2,24.20320348042417,46.30549818311379,5
2023-10-26,Morning,B456,M2,Batch3,20.3678428442426,40.40550609007231,4
2023-10-26,Night,D111,M1,Batch2,23.642614680971285,50.19939980833921,1
2023-10-26,Afternoon,A123,M2,Batch3,21.16793038247028,47.24852212107301,2
2023-10-26,Morning,B456,M3,Batch2,20.53836314186135,43.126694765843645,1
2023-10-26,Morning,A123,M2,Batch3,23.4519663565448,54.58985150851642,1
2023-10-26,Night,B456,M3,Batch1,22.239880277881262,55.94195505549738,0
2023-10-26,Night,E222,M3,Batch3,23.007849766228553,41.093216060174,4
2023-10-26,Morning,B456,M3,Batch2,20.724362192842108,47.71416325299393,2
2023-10-26,Afternoon,A123,M3,Batch2,22.053574284499597,56.54937313553906,2
2023-10-26,Night,B456,M1,Batch2,21.904719756977723,48.61273156006124,3
2023-10-26,Morning,E222,M1,Batch3,22.952665796273248,50.98220353570342,1
2023-10-26,Night,E222,M1,Batch3,22.923023270403174,52.70320510758865,5
2023-10-26,Night,B456,M2,Batch2,22.798094586294926,47.88322377910718,0
2023-10-26,Night,D111,M2,Batch3,24.213641117113028,55.56914675297492,2
2023-10-26,Night,B456,M3,Batch2,22.576017930905774,59.329083253505075,4
2023-10-26,Night,E222,M1,Batch3,21.445606745953224,47.67497754558796,2
2023-10-26,Afternoon,D111,M3,Batch1,21.273428402013877,55.64065659452339,2
2023-10-26,Morning,A123,M2,Batch3,21.788971954705108,53.16544858882345,2
2023-10-26,Afternoon,D111,M1,Batch1,24.796419379937383,49.44078686554646,1
2023-10-26,Morning,B456,M1,Batch2,20.999964907432513,53.90631569227617,2
2023-10-26,Night,E222,M2,Batch1,20.401965648858386,54.740029788506256,1
2023-10-26,Morning,B456,M3,Batch1,20.657627086421673,44.611402657242294,3
2023-10-26,Night,A123,M3,Batch2,20.927966655610128,51.270034953018296,0
2023-10-26,Afternoon,A123,M2,Batch3,20.76896825453069,53.18979035620359,4
2023-10-26,Afternoon,C789,M2,Batch1,21.212395385816542,41.27496926504024,5
2023-10-26,Morning,B456,M1,Batch1,23.17978998375596,41.36523441930489,3
2023-10-26,Morning,A123,M2,Batch3,20.006478853507723,45.63951543349914,3
2023-10-26,Morning,B456,M2,Batch2,22.949411149802437,44.03890613361694,3
2023-10-26,Night,E222,M1,Batch3,22.597357066687703,41.99631638743927,0
2023-10-26,Morning,E222,M3,Batch1,23.479811376241827,47.16896001801452,2
2023-10-26,Morning,C789,M2,Batch3,24.285958118558028,51.335474626807965,1
2023-10-26,Afternoon,C789,M3,Batch3,23.446856212900425,48.13187737492561,0
2023-10-26,Night,A123,M3,Batch3,23.722817516833164,44.93089050529429,3
2023-10-26,Morning,A123,M3,Batch3,23.533100164712213,53.093914699031124,2
2023-10-26,Morning,D111,M3,Batch1,22.54997641336353,52.1677665914523,5
2023-10-26,Morning,E222,M3,Batch1,23.886988678511184,44.76835922441615,1
2023-10-26,Afternoon,D111,M3,Batch3,20.684350118751983,43.04060520873007,0
2023-10-26,Morning,B456,M3,Batch2,23.242536489915338,50.05416287647223,5
2023-10-26,Morning,E222,M1,Batch2,21.81457224141829,49.32911967743746,5
2023-10-26,Afternoon,C789,M1,Batch3,22.39806806380463,48.32919798942027,3
2023-10-26,Morning,A123,M1,Batch2,21.039313291765833,59.65470374670643,3
2023-10-26,Afternoon,E222,M2,Batch3,24.03642677564059,52.29384592289385,0
2023-10-26,Morning,E222,M3,Batch3,24.93663793998912,45.41460876984421,2
2023-10-26,Morning,B456,M2,Batch3,23.59685849781264,42.69939526690368,4
2023-10-26,Night,E222,M1,Batch1,20.796374683066645,47.387129355275874,4
2023-10-26,Morning,A123,M1,Batch3,22.237749833721008,47.83710143601942,3
2023-10-26,Night,C789,M3,Batch3,21.758922432395195,52.504113717822655,5
2023-10-26,Afternoon,E222,M1,Batch2,22.814388095312047,59.75825020334699,5
2023-10-26,Morning,C789,M3,Batch1,21.76281052091419,59.544107795831145,5
2023-10-26,Morning,C789,M3,Batch1,22.852506932510945,55.087972043922406,5
2023-10-26,Morning,E222,M3,Batch3,24.78134208438594,42.419665334000065,4
2023-10-26,Afternoon,D111,M2,Batch3,20.43804863618095,53.84562486554701,5
2023-10-26,Afternoon,A123,M1,Batch3,20.47338718130612,59.84469629561204,1
2023-10-26,Afternoon,E222,M2,Batch3,21.382282668048024,49.72319606268685,4
2023-10-26,Night,A123,M1,Batch3,20.86475467892931,40.16681354126844,2
2023-10-26,Night,C789,M3,Batch1,21.717605347692476,44.25962631141321,0
2023-10-26,Night,A123,M2,Batch1,24.849700524638177,58.88161556743634,2
2023-10-26,Night,A123,M1,Batch3,20.59473998475105,48.01630449821341,3
2023-10-26,Morning,B456,M3,Batch1,20.255309028485435,50.19554589022478,4
2023-10-26,Night,D111,M3,Batch2,20.919406336502053,45.503436593599744,3
2023-10-26,Afternoon,E222,M3,Batch3,21.76570947707793,45.36413398922956,2
2023-10-26,Afternoon,B456,M2,Batch2,20.649666570905737,47.5445189773403,4
2023-10-26,Morning,B456,M1,Batch2,24.8491268734148,54.34675215989705,0
2023-10-26,Morning,B456,M2,Batch1,23.267855774814027,43.49119639902646,4
2023-10-26,Morning,E222,M1,Batch2,20.04792208353501,54.40010887666963,2
2023-10-26,Night,C789,M2,Batch3,22.070720696899183,59.304576780900504,3
2023-10-26,Morning,A123,M3,Batch3,23.200656987065884,58.83374520274131,5
2023-10-26,Afternoon,B456,M3,Batch3,20.07551864176849,41.224432089966335,5
2023-10-26,Morning,A123,M2,Batch2,24.5692829964486,49.61715019305639,5
2023-10-26,Afternoon,D111,M2,Batch2,22.430084977063785,45.388094031230736,1
2023-10-26,Night,B456,M2,Batch3,20.077584843073204,48.56613385999631,1
2023-10-26,Afternoon,E222,M1,Batch1,21.63995378311519,56.283453357546456,1
2023-10-26,Morning,C789,M1,Batch1,20.061430106214434,47.6345809577136,2
2023-10-26,Night,D111,M1,Batch2,22.769299238482596,44.52586597284869,2
2023-10-26,Morning,B456,M1,Batch3,22.49119243474574,44.18530484235717,1
2023-10-26,Morning,B456,M2,Batch2,24.293184366123544,58.367545578218895,3
2023-10-26,Morning,D111,M3,Batch1,20.040613428442562,56.701356791517384,3
2023-10-26,Night,B456,M1,Batch2,24.485807160642764,56.046311658696354,1
2023-10-26,Afternoon,B456,M1,Batch1,23.775964184152688,55.72939534860118,2
2023-10-26,Night,B456,M1,Batch1,24.64932957068448,51.894301287063186,1
2023-10-26,Morning,E222,M2,Batch1,24.959722884716385,50.65102099288617,5
2023-10-26,Morning,B456,M1,Batch1,22.745251353447777,55.42699460987183,0
2023-10-26,Morning,D111,M3,Batch2,20.135923437269636,58.245512048175996,3
2023-10-26,Night,E222,M3,Batch2,22.28732452734017,51.00456411670768,1
2023-10-26,Afternoon,D111,M2,Batch2,20.329939117493048,56.96206382276398,3
2023-10-26,Afternoon,B456,M3,Batch3,24.57916756344235,50.01142323758351,2
2023-10-26,Morning,A123,M3,Batch3,24.066586473519973,57.570022649940086,5
2023-10-26,Morning,C789,M1,Batch3,21.832635642867583,54.91010212889393,2
2023-10-26,Morning,A123,M2,Batch1,22.926911829556342,41.87421948806391,4
2023-10-26,Night,B456,M2,Batch3,23.225575654279165,44.16342728185032,3
2023-10-26,Night,E222,M3,Batch2,23.83046184273625,42.35789392411996,5
2023-10-26,Afternoon,D111,M1,Batch1,22.53902203735133,42.0606726608208,1
2023-10-26,Afternoon,A123,M2,Batch2,22.22406258538654,47.87556115505982,2
2023-10-26,Morning,E222,M2,Batch2,20.529613283335603,49.78043345260555,5
2023-10-26,Night,A123,M2,Batch3,23.582093361337364,56.58727896470151,3
2023-10-26,Morning,A123,M2,Batch1,20.419866639140682,52.71767928179081,2
2023-10-26,Morning,B456,M3,Batch1,20.375804754862035,53.07256851811273,4
2023-10-26,Afternoon,B456,M3,Batch2,23.523018890883982,51.6593710391491,5
2023-10-26,Afternoon,B456,M3,Batch1,24.515021524554715,54.77918263723774,0
2023-10-26,Morning,C789,M3,Batch1,22.73205490390149,53.42939996302896,0
2023-10-26,Morning,A123,M3,Batch2,21.68312206265822,40.98262725141763,4
2023-10-26,Morning,C789,M1,Batch1,23.860067244534072,44.600954543285496,0
2023-10-26,Morning,A123,M2,Batch3,23.795547069386803,57.04977763754256,2
2023-10-26,Morning,B456,M2,Batch3,21.92933930604486,58.186453970322844,4
2023-10-26,Afternoon,E222,M3,Batch3,21.323200056357813,46.76615475972977,1
2023-10-26,Afternoon,B456,M3,Batch2,24.72314255412634,55.53858118139786,2
2023-10-26,Morning,E222,M2,Batch2,20.23559320265164,51.57053120680295,0
2023-10-26,Afternoon,D111,M1,Batch1,23.128436550504944,53.90665562668219,5
2023-10-26,Night,D111,M1,Batch3,24.11959682278208,53.74833320300655,1
2023-10-26,Night,C789,M2,Batch2,23.31558035361761,53.9301247315678,4
2023-10-26,Morning,A123,M3,Batch1,21.057682161817254,42.800881932140285,5
2023-10-26,Night,A123,M2,Batch3,22.084678233813733,40.03710540586925,4
2023-10-26,Afternoon,E222,M1,Batch2,21.10788993150241,57.33668805556324,1
2023-10-26,Night,D111,M2,Batch1,21.382072497970036,41.84904870339577,1
2023-10-26,Afternoon,C789,M1,Batch1,22.602734772806933,51.75193136402217,2
2023-10-26,Afternoon,E222,M3,Batch1,21.645405168900655,54.14891438526538,5
2023-10-26,Night,E222,M3,Batch2,21.969280194695987,52.17275675359556,5
2023-10-26,Night,D111,M2,Batch2,21.831585361405242,44.559187257497726,0
2023-10-26,Afternoon,E222,M1,Batch1,20.02756268136379,43.379537714049526,1
2023-10-26,Night,D111,M3,Batch2,23.898149058949077,45.180741018691826,1
2023-10-26,Night,C789,M2,Batch3,21.538847497781433,59.69018128963939,3
2023-10-26,Afternoon,B456,M2,Batch2,24.21774287480003,51.838523053628435,2
2023-10-26,Night,E222,M2,Batch1,22.22323576264038,44.45376668159038,4
2023-10-26,Night,E222,M3,Batch1,23.84598288729765,48.431980534850545,0
2023-10-26,Afternoon,C789,M2,Batch3,23.314846921126403,54.34931552425351,5
2023-10-26,Afternoon,A123,M1,Batch2,24.338103431742923,49.444912523726344,4
2023-10-26,Morning,D111,M1,Batch2,24.046561759819237,43.39566041194624,3
2023-10-26,Afternoon,A123,M1,Batch2,24.53218258630722,49.730709717773934,3
2023-10-26,Afternoon,B456,M1,Batch3,24.16634630786186,57.94883604865956,4
2023-10-26,Night,C789,M1,Batch3,24.26807807286125,49.989298593028536,1
2023-10-26,Afternoon,B456,M1,Batch3,24.638446565815336,41.34112066102872,0
2023-10-26,Afternoon,D111,M2,Batch2,22.240783146073834,51.232820565679376,3
2023-10-26,Afternoon,B456,M2,Batch3,21.871018468172508,45.57791489680654,3
2023-10-26,Afternoon,E222,M3,Batch3,24.179510133852595,50.00800444829092,3
2023-10-26,Night,C789,M3,Batch2,22.06241629496015,40.34102706085345,5
2023-10-26,Afternoon,C789,M2,Batch1,24.10097036496731,55.50157967579935,2
2023-10-26,Night,D111,M3,Batch3,24.733973612874582,58.60333688109141,3
2023-10-26,Afternoon,A123,M1,Batch3,23.801267143733142,55.72958338942266,4
2023-10-26,Night,E222,M3,Batch2,20.774130290304562,50.24038813855331,2
2023-10-26,Morning,C789,M3,Batch2,20.1349432935827,43.28570430200969,1
2023-10-26,Night,E222,M2,Batch3,22.525250877741648,57.632762366332585,3
2023-10-26,Morning,B456,M3,Batch2,20.874734774300645,55.0178098053761,5
2023-10-26,Afternoon,B456,M1,Batch2,22.338970452822814,44.526988102401496,2
2023-10-26,Afternoon,B456,M2,Batch2,24.632714096369977,44.854102661420654,1
2023-10-26,Night,D111,M3,Batch1,24.53937558353982,50.146553188114545,2
2023-10-26,Morning,A123,M2,Batch2,21.959459197511517,47.691246045903725,4
2023-10-26,Morning,A123,M2,Batch1,24.696389237266533,53.011356348047045,1
2023-10-26,Night,C789,M3,Batch2,22.410802897919705,58.009788855931205,1
2023-10-26,Afternoon,B456,M1,Batch2,24.442339695602968,50.80473207291749,3
2023-10-26,Night,D111,M1,Batch2,24.897826282247312,54.24723622245747,5
2023-10-26,Afternoon,C789,M1,Batch2,24.920800424638255,49.316375675955584,1
2023-10-26,Morning,D111,M3,Batch2,21.49988726860804,56.42859305340615,1
2023-10-26,Afternoon,C789,M2,Batch2,21.379341175929795,53.68942262371698,2
2023-10-26,Night,D111,M3,Batch1,22.72964550175938,45.823155940283776,2
2023-10-26,Night,D111,M1,Batch2,23.11162382699458,45.75550113993318,2
2023-10-26,Afternoon,D111,M1,Batch3,20.288007041505384,43.92155702807169,5
2023-10-26,Night,C789,M3,Batch1,21.612257843777265,53.19212420494869,5
2023-10-26,Morning,A123,M1,Batch1,24.84381447539428,50.04202637274474,1
2023-10-26,Night,C789,M1,Batch2,21.260286640231133,52.97426191966316,5
2023-10-26,Afternoon,B456,M1,Batch1,23.688712809527438,50.187238096701236,1
2023-10-26,Morning,B456,M1,Batch1,24.125587101913894,46.0619528909017,5
2023-10-26,Night,D111,M1,Batch1,23.226073836203845,48.514365825753615,2
2023-10-26,Morning,D111,M3,Batch3,23.503536232171673,54.32947344846375,2
2023-10-26,Afternoon,E222,M1,Batch3,20.015730955416895,49.25047668623818,1
2023-10-26,Afternoon,C789,M3,Batch2,22.10007358326117,48.60906593237269,2
2023-10-26,Morning,B456,M3,Batch2,22.68523251650261,58.38167760668187,1
2023-10-26,Afternoon,E222,M2,Batch2,21.416334044374285,57.7398467496531,2
2023-10-26,Night,D111,M1,Batch1,22.463247275514597,43.35778793588897,0
2023-10-26,Night,B456,M2,Batch2,22.35832464140692,53.16084477191056,4
2023-10-26,Afternoon,A123,M1,Batch2,23.13000292182757,40.76110443544498,1
2023-10-26,Afternoon,C789,M2,Batch3,21.972057737828738,42.10345181108271,1
2023-10-26,Afternoon,C789,M2,Batch1,22.963691147611748,46.705917073008045,3
2023-10-26,Night,C789,M1,Batch3,20.938052405246623,56.26875289059258,1
2023-10-26,Afternoon,E222,M2,Batch3,21.554139227434685,53.94108094312706,0
2023-10-26,Afternoon,C789,M3,Batch1,22.709732975759827,46.13084284661535,2
2023-10-26,Morning,A123,M1,Batch2,22.026454249189683,43.990385978424534,5
2023-10-26,Morning,D111,M3,Batch1,22.32826352568996,42.04446570041141,4
2023-10-26,Night,B456,M1,Batch2,23.67651412840842,53.218550100976714,4
2023-10-26,Morning,D111,M1,Batch1,24.35567770931008,41.83453752585281,3
2023-10-26,Morning,B456,M3,Batch2,21.898557415971148,42.65809844167645,0
2023-10-26,Morning,B456,M1,Batch2,23.036872720954502,46.28925555005119,5
2023-10-26,Morning,B456,M1,Batch1,20.9409068180827,48.61328392392811,3
2023-10-26,Afternoon,C789,M1,Batch2,22.741026834338033,48.02659820306911,3
2023-10-26,Night,C789,M2,Batch1,22.432719063394668,51.043060895267516,1
2023-10-26,Night,C789,M1,Batch2,24.543422797074903,50.72653110208377,0
2023-10-26,Morning,E222,M2,Batch2,21.0620936719893,46.59125890276512,5
2023-10-26,Night,D111,M1,Batch1,23.85691005153728,44.32248347846038,0
2023-10-26,Afternoon,C789,M2,Batch2,24.755406796573993,42.08136369218047,5
2023-10-26,Night,D111,M1,Batch1,20.39975071104828,54.5492927619626,1
2023-10-26,Morning,D111,M1,Batch3,22.21789603893018,40.53496452108623,3
2023-10-26,Afternoon,E222,M1,Batch1,22.172786925088722,45.884478201984116,5
2023-10-26,Morning,C789,M3,Batch1,22.37111766201151,48.56227028762264,1
2023-10-26,Night,D111,M2,Batch3,21.741090800537382,52.38635192395542,1
2023-10-26,Night,D111,M1,Batch2,23.793301176510937,43.85966970545758,3
2023-10-26,Night,D111,M1,Batch1,22.938494888447845,59.63045590445587,3
2023-10-26,Night,D111,M1,Batch1,21.833419238725938,45.37377100693321,1
2023-10-26,Night,C789,M3,Batch1,22.904991091401484,53.83386283451519,4
2023-10-26,Morning,C789,M1,Batch3,24.201923387516445,51.34236391069916,2
2023-10-26,Night,C789,M3,Batch1,22.446672890830214,59.25236713980367,3
2023-10-26,Morning,B456,M3,Batch1,24.661730043031607,41.11750308358689,0
2023-10-26,Afternoon,E222,M3,Batch2,20.11096370345961,57.886512581181634,0
2023-10-26,Night,C789,M2,Batch1,22.241081894560466,43.28447251435137,3
2023-10-26,Afternoon,B456,M3,Batch3,24.743112277271734,56.976573222726145,4
2023-10-26,Afternoon,B456,M3,Batch1,24.053343488079328,42.53241416216262,2
2023-10-26,Morning,D111,M3,Batch2,22.14092921922777,56.196815633048274,2
2023-10-26,Morning,C789,M3,Batch1,24.397412286383677,52.88714645937127,4
2023-10-26,Night,A123,M1,Batch1,24.268231847636116,59.38781320843627,1
2023-10-26,Afternoon,C789,M2,Batch1,23.962090340120596,56.980986496827626,0
2023-10-26,Afternoon,D111,M3,Batch3,24.261096343268076,58.79395802508939,1
2023-10-26,Afternoon,A123,M1,Batch1,21.284448244957193,55.06005390983373,5
2023-10-26,Afternoon,C789,M2,Batch3,21.829942534056112,46.20696733358909,3
2023-10-26,Afternoon,C789,M3,Batch1,24.85900949577198,53.10950336548516,0
2023-10-26,Night,E222,M2,Batch1,23.81602044653214,41.228367100664414,1
2023-10-26,Morning,E222,M3,Batch1,22.072250671922944,43.4732437324299,3
2023-10-26,Morning,D111,M1,Batch1,22.556024847119332,47.419815282001146,4
2023-10-26,Night,D111,M1,Batch1,23.880819026031325,43.001463891218194,5
2023-10-26,Night,B456,M1,Batch3,22.691479582279054,54.55710054185376,1
2023-10-26,Night,A123,M3,Batch2,20.06295221771984,42.67941971327901,1
2023-10-26,Morning,A123,M1,Batch1,20.241372316518156,56.63477903669355,2
2023-10-26,Morning,A123,M2,Batch3,23.29526426712781,42.462304940668886,1
2023-10-26,Night,D111,M3,Batch1,21.197230729539797,46.404949235082455,4
2023-10-26,Morning,A123,M1,Batch2,21.325279582274458,49.27199200095234,4
2023-10-26,Morning,C789,M2,Batch1,24.547920948687658,51.25285150715734,2
2023-10-26,Morning,E222,M1,Batch3,23.44272594475665,40.64183517319394,4
2023-10-26,Afternoon,E222,M1,Batch3,20.953004326590605,55.18936495183257,2
2023-10-26,Afternoon,D111,M3,Batch2,21.52892681481043,53.45847213241035,2
2023-10-26,Night,B456,M3,Batch2,23.94844605072702,41.97629606959194,3
2023-10-26,Night,C789,M2,Batch3,22.40268691938522,45.38355024215329,2
2023-10-26,Morning,B456,M1,Batch2,21.64104703639775,40.84924794603895,1
2023-10-26,Morning,C789,M2,Batch1,21.734215974770247,54.90347089096796,3
2023-10-26,Morning,D111,M2,Batch1,21.731413816599925,45.98662570085301,2
2023-10-26,Afternoon,C789,M1,Batch2,21.042913673667208,46.740773679039854,5
2023-10-26,Night,E222,M2,Batch2,21.13616528227689,53.6005360874954,1
2023-10-26,Afternoon,B456,M2,Batch2,22.53532432371172,55.65629237441244,0
2023-10-26,Afternoon,C789,M2,Batch1,20.5629765741897,42.95040671005266,0
2023-10-26,Morning,E222,M3,Batch1,24.708748114360883,50.10232744246902,0
2023-10-26,Night,A123,M2,Batch2,20.31728400336662,45.042314170574016,4
2023-10-26,Night,D111,M1,Batch2,20.873153318009877,51.510978591201905,4
2023-10-26,Morning,C789,M2,Batch3,21.6260151219001,47.94663520617486,0
2023-10-26,Afternoon,C789,M1,Batch1,24.920635388071293,47.63434516794265,1
2023-10-26,Morning,D111,M2,Batch2,20.717292335186784,42.40568715713394,0
2023-10-26,Afternoon,D111,M1,Batch2,20.32178580673634,54.838289125716145,0
2023-10-26,Night,A123,M2,Batch2,20.19209029850185,59.44546128225854,0
2023-10-26,Night,B456,M1,Batch3,20.4989917569354,48.69899964468444,2
2023-10-26,Night,C789,M3,Batch3,23.474246317269525,57.992986090057244,1
2023-10-26,Night,A123,M1,Batch3,21.65965906928096,42.548525386264686,4
2023-10-26,Night,B456,M1,Batch2,20.424710627741334,40.719592137094125,1
2023-10-26,Afternoon,C789,M2,Batch1,21.29457533811321,56.54152736025729,1
2023-10-26,Afternoon,C789,M2,Batch1,22.375278776905798,46.66829955595683,1
2023-10-26,Night,D111,M3,Batch1,23.878963002703287,45.76176161685861,0
2023-10-26,Night,A123,M3,Batch1,23.917029023422977,45.593726825934596,1
2023-10-26,Night,B456,M1,Batch1,22.50805250883816,40.77637917339667,0
2023-10-26,Afternoon,D111,M3,Batch3,22.173811999917014,55.277151649656766,2
2023-10-26,Afternoon,A123,M2,Batch2,20.002567054598842,49.1550368124094,0
2023-10-26,Afternoon,A123,M1,Batch2,21.606298341274186,55.18307526647847,2
2023-10-26,Afternoon,A123,M1,Batch2,21.66131313682144,45.50008658663069,2
2023-10-26,Night,C789,M2,Batch1,21.72176990772012,59.079078359210655,3
2023-10-26,Afternoon,C789,M2,Batch3,24.22001163870176,48.11294257034313,3
2023-10-26,Night,D111,M2,Batch2,20.587871921830473,51.74877083107711,5
2023-10-26,Night,D111,M2,Batch2,20.83684189180855,46.728822494082976,1
2023-10-26,Afternoon,C789,M3,Batch2,20.987448303898976,56.60939688973268,5
2023-10-26,Night,B456,M1,Batch1,20.319032078971563,47.01064296609434,5
2023-10-26,Afternoon,D111,M3,Batch1,21.76079324051848,59.301934877862216,3
2023-10-26,Afternoon,D111,M1,Batch1,23.03219437083692,59.46535973143108,1
2023-10-26,Afternoon,B456,M2,Batch2,24.162736395815458,50.42352501042518,4
2023-10-26,Night,C789,M3,Batch2,21.346602386975682,54.42758680768893,3
2023-10-26,Morning,D111,M1,Batch1,20.902382317431975,42.73372864179564,1
2023-10-26,Afternoon,D111,M3,Batch1,20.62031651358112,41.5177802381433,4
2023-10-26,Afternoon,C789,M3,Batch2,22.18891147687343,43.10381366161653,5
2023-10-26,Morning,B456,M3,Batch1,20.965521502240296,45.72831889410512,4
2023-10-26,Morning,B456,M2,Batch1,20.587621152606857,48.43202070871944,3
2023-10-26,Morning,B456,M1,Batch1,21.076908162748953,58.38705416455594,0
2023-10-26,Morning,D111,M1,Batch1,22.92167961547881,40.060141467089736,4
2023-10-26,Night,A123,M3,Batch1,23.618583518623087,58.9600069284207,3
2023-10-26,Afternoon,C789,M3,Batch1,21.79930864372689,45.5312565890044,1
2023-10-26,Night,E222,M2,Batch2,22.563839758219725,47.41561008862449,4
2023-10-26,Morning,A123,M1,Batch3,23.373070481118656,40.427239531168325,3
2023-10-26,Afternoon,E222,M1,Batch1,23.40042058904183,48.86961662541381,3
2023-10-26,Afternoon,D111,M1,Batch2,21.576899517889775,47.41729443823716,3
2023-10-26,Night,B456,M2,Batch1,24.57826588803923,41.55968869489108,4
2023-10-26,Afternoon,D111,M2,Batch1,24.328919436435346,44.26966679478871,3
2023-10-26,Morning,C789,M2,Batch1,20.71451849161275,44.75972422788682,4
2023-10-26,Night,C789,M1,Batch1,24.63398281624699,58.866763969594956,2
2023-10-26,Afternoon,E222,M3,Batch3,21.05805894455844,51.09655779465876,5
2023-10-26,Afternoon,E222,M1,Batch1,23.07682238613114,56.10831494265293,3
2023-10-26,Night,E222,M3,Batch2,21.633216838483918,53.204772837842995,3
2023-10-26,Morning,D111,M2,Batch2,21.207284446339564,40.14792926451652,5
